seq,phi,psi,chain,pos_in_chain,protein_id
MEELFKK,-55.38382168768766,-42.03953785108202,B,1,7B3Y
EELFKKH,-62.644339648293624,-41.729978237928975,B,2,7B3Y
ELFKKHK,-73.03921197406272,-30.098692524908518,B,3,7B3Y
LFKKHKI,-69.59623369878359,-43.633733601914805,B,4,7B3Y
FKKHKIV,-58.28452249044455,-46.478356032075,B,5,7B3Y
KKHKIVA,-56.45832517934918,-41.977202772154016,B,6,7B3Y
KHKIVAV,-77.58103091359835,-41.908389870020684,B,7,7B3Y
HKIVAVL,-92.95418204540668,-32.363625566746784,B,8,7B3Y
KIVAVLR,70.81470534561076,-7.26933489549844,B,9,7B3Y
IVAVLRA,-144.84680662577503,135.4084248527004,B,10,7B3Y
VAVLRAN,-123.7796860801964,127.81711780550964,B,11,7B3Y
AVLRANS,-80.89939993706807,123.51215667736925,B,12,7B3Y
VLRANSV,-98.51377243029361,107.25406385321232,B,13,7B3Y
LRANSVE,-103.09607047799278,102.59590577920832,B,14,7B3Y
RANSVEE,-103.44904426525453,145.83165506985267,B,15,7B3Y
ANSVEEA,-164.68076137816902,160.4648657004715,B,16,7B3Y
NSVEEAK,-91.83797743206638,-6.3335033991163705,B,17,7B3Y
SVEEAKK,-153.4926863218344,162.44680300258526,B,18,7B3Y
VEEAKKK,-57.67448287057756,-46.47741056942272,B,19,7B3Y
EEAKKKA,-64.07932226971762,-42.8018708608676,B,20,7B3Y
EAKKKAL,-65.66144234632688,-43.76115098752328,B,21,7B3Y
AKKKALA,-60.764242462378576,-47.4899609045126,B,22,7B3Y
KKKALAV,-61.50229630173568,-44.45571330398434,B,23,7B3Y
KKALAVF,-61.84043827459361,-40.94385532972356,B,24,7B3Y
KALAVFL,-69.05417618259382,-34.790104110960726,B,25,7B3Y
ALAVFLG,-67.28810571087119,-39.576617986304434,B,26,7B3Y
LAVFLGG,-65.01673737992373,-46.88470959450049,B,27,7B3Y
AVFLGGV,-51.48705811545232,-56.070294805148315,B,28,7B3Y
VFLGGVH,-55.516908078861135,-46.49939981104101,B,29,7B3Y
FLGGVHL,-63.37281808223911,-46.0307896759771,B,30,7B3Y
LGGVHLI,-59.97550962398275,-29.041256325303866,B,31,7B3Y
GGVHLIE,-88.10413610537837,2.7985685481066844,B,32,7B3Y
GVHLIEI,106.3501655642047,6.969604002375837,B,33,7B3Y
VHLIEIT,-95.45646243318409,114.25276751078489,B,34,7B3Y
HLIEITF,-91.4072772463227,-23.659967333724847,B,35,7B3Y
LIEITFT,-97.26632669065154,115.56335320857832,B,36,7B3Y
IEITFTV,-126.06600620258436,121.62846124812427,B,37,7B3Y
EITFTVP,-106.99791102482224,109.833861838546,B,38,7B3Y
ITFTVPD,-87.09713501087737,109.80378918306475,B,39,7B3Y
TFTVPDA,-74.98769608754125,152.41121941356081,B,40,7B3Y
FTVPDAD,-78.73869469600592,2.129046970406698,B,41,7B3Y
TVPDADT,-79.24466288661233,-13.663363106982555,B,42,7B3Y
VPDADTV,-69.83072014676475,129.08259559847352,B,43,7B3Y
PDADTVI,-56.81997091875292,133.07776834780358,B,44,7B3Y
DADTVIK,55.05421533823498,46.6008268098416,B,45,7B3Y
ADTVIKE,-57.69981215980689,-31.964045026265154,B,46,7B3Y
DTVIKEL,-62.84075094565836,-51.192406075063744,B,47,7B3Y
TVIKELS,-55.16394345421269,-42.77267245065599,B,48,7B3Y
VIKELSF,-57.37937941184815,-49.713625890968174,B,49,7B3Y
IKELSFL,-57.24958388504644,-45.682135753142916,B,50,7B3Y
KELSFLK,-62.27902778433199,-44.99269754730847,B,51,7B3Y
ELSFLKE,-70.4052142246131,-18.705472300030806,B,52,7B3Y
LSFLKEM,-91.80506297826392,-6.481234184236354,B,53,7B3Y
SFLKEMG,-46.1521974995099,-36.307812168458184,B,54,7B3Y
FLKEMGA,-63.52042504225253,-29.59050875842168,B,55,7B3Y
LKEMGAI,-63.93296623619398,-23.076250098537745,B,56,7B3Y
KEMGAII,-55.73949430834392,-37.07919391188619,B,57,7B3Y
EMGAIIG,-65.96513721373616,-20.790414060609002,B,58,7B3Y
MGAIIGA,-96.37320659881827,5.277156209930415,B,59,7B3Y
GAIIGAG,96.12077880383026,4.1726604535216465,B,60,7B3Y
AIIGAGT,-67.94155825378607,146.31696907181745,B,61,7B3Y
IIGAGTV,-117.66240446436721,109.98976614979902,B,62,7B3Y
IGAGTVT,-103.38678791469567,123.62349296597806,B,63,7B3Y
GAGTVTS,-128.9358482625535,-172.2398024480399,B,64,7B3Y
AGTVTSV,-123.8497472020563,144.63188673575138,B,65,7B3Y
GTVTSVE,-126.71292350564742,176.97462012938806,B,66,7B3Y
TVTSVEQ,50.62348301814411,39.924784913002235,B,67,7B3Y
VTSVEQA,-85.79281035998122,117.15328987615301,B,68,7B3Y
TSVEQAR,-121.33091073182977,-0.9992525600540936,B,69,7B3Y
SVEQARK,-146.06575087262053,161.30767675108856,B,70,7B3Y
VEQARKA,-67.79895613737213,-30.17216629032679,B,71,7B3Y
EQARKAV,-61.13161736061505,-40.727795696456496,B,72,7B3Y
QARKAVE,-68.9385041068583,-41.243893427364654,B,73,7B3Y
ARKAVES,-58.359058689484534,-46.03553919406473,B,74,7B3Y
RKAVESG,-57.84789560463943,-49.46030383493924,B,75,7B3Y
KAVESGA,-58.02576821416612,-45.41314642264365,B,76,7B3Y
AVESGAE,-58.18158796481943,-51.82834673884865,B,77,7B3Y
VESGAEF,-59.910121278655964,-43.61468566149089,B,78,7B3Y
ESGAEFI,-58.98205623800362,-32.84559277226877,B,79,7B3Y
SGAEFIV,-92.72425859956697,4.969307410625032,B,80,7B3Y
GAEFIVS,105.39404528125657,11.626425752358955,B,81,7B3Y
AEFIVSP,-60.40538109484226,129.90327010886267,B,82,7B3Y
EFIVSPH,-92.24713115905845,-11.64615210796187,B,83,7B3Y
FIVSPHL,-158.01117050622412,152.3104992178597,B,84,7B3Y
IVSPHLD,-119.56840650894279,133.9443485826791,B,85,7B3Y
VSPHLDE,-127.7414986101677,139.58254092259307,B,86,7B3Y
SPHLDEE,-129.62025582083663,158.1575718826213,B,87,7B3Y
PHLDEEI,-72.32809147873151,-19.96875956234637,B,88,7B3Y
HLDEEIS,-122.69012156903115,177.40073204959688,B,89,7B3Y
LDEEISQ,-97.20946954768417,118.97433079611088,B,90,7B3Y
DEEISQF,-117.66214969052182,108.22688028463605,B,91,7B3Y
EEISQFA,-58.108806160784425,-38.29529421327033,B,92,7B3Y
EISQFAK,-69.54300718277437,-40.088437887238136,B,93,7B3Y
ISQFAKE,-70.74927971408084,-41.61409531554158,B,94,7B3Y
SQFAKEK,-49.48190359032987,-54.07724279685548,B,95,7B3Y
QFAKEKG,-60.92413704226209,-48.22276469682416,B,96,7B3Y
FAKEKGV,-55.619742679735076,-45.36765434776426,B,97,7B3Y
AKEKGVF,-68.92915743741156,-32.56055328954314,B,98,7B3Y
KEKGVFY,-63.21867851256434,-46.25927783900812,B,99,7B3Y
EKGVFYM,-68.9380425517748,-36.26736201565104,B,100,7B3Y
KGVFYMP,-80.42577948599362,-13.257123984368844,B,101,7B3Y
GVFYMPG,66.69479815535284,44.28482968813942,B,102,7B3Y
VFYMPGV,-124.28953246726334,139.77307899846298,B,103,7B3Y
FYMPGVM,-70.30329101152937,128.2299351396189,B,104,7B3Y
YMPGVMT,-120.62458612607224,127.56063178445189,B,105,7B3Y
MPGVMTP,-115.22039657571993,97.44591070414579,B,106,7B3Y
PGVMTPT,-74.34398870249498,156.43450946896655,B,107,7B3Y
GVMTPTE,-95.83808520524704,147.2214781860525,B,108,7B3Y
VMTPTEL,-143.60953770284138,149.47237006010351,B,109,7B3Y
MTPTELV,-129.970092101518,-5.640843086311745,B,110,7B3Y
TPTELVK,-134.28039578712028,158.75646998858707,B,111,7B3Y
PTELVKA,-53.63432620880146,-38.97622981921057,B,112,7B3Y
TELVKAM,-66.23339968426222,-43.84101821916781,B,113,7B3Y
ELVKAMK,-60.883821845983206,-42.96295118065262,B,114,7B3Y
LVKAMKL,-55.13166772039726,-50.235381087830774,B,115,7B3Y
VKAMKLG,-64.87641213048379,-45.129606178164394,B,116,7B3Y
KAMKLGH,-53.05726394927145,-43.6830349335987,B,117,7B3Y
AMKLGHT,-63.153325914003894,-45.8697526177809,B,118,7B3Y
MKLGHTI,-55.15362113307779,-44.844504800739,B,119,7B3Y
KLGHTIL,-61.614316976496205,-17.71660307462109,B,120,7B3Y
LGHTILK,-97.66903117650031,1.5320475194543677,B,121,7B3Y
GHTILKL,103.51906329071431,11.132684986785751,B,122,7B3Y
HTILKLF,-100.1237863829027,135.51583402320637,B,123,7B3Y
TILKLFP,-125.72806146894501,-8.728792970376851,B,124,7B3Y
ILKLFPG,-108.18952767294307,116.61703546154826,B,125,7B3Y
LKLFPGE,-120.46272470331687,138.16582542493762,B,126,7B3Y
KLFPGEV,-72.81491612231945,130.13319389510278,B,127,7B3Y
LFPGEVV,-101.40553250529472,116.90874794127906,B,128,7B3Y
FPGEVVG,-147.96532533608718,131.3334075883856,B,129,7B3Y
PGEVVGP,-89.36485580337278,124.40703863575872,B,130,7B3Y
GEVVGPQ,-57.60321567241819,-36.776048386992976,B,131,7B3Y
EVVGPQF,-64.77150508844213,-19.63045663534901,B,132,7B3Y
VVGPQFV,-87.50930993030917,-48.094469666253715,B,133,7B3Y
VGPQFVK,-85.75433187842359,-45.336156935369246,B,134,7B3Y
GPQFVKA,82.38343966037432,175.88365572795792,B,135,7B3Y
PQFVKAM,-51.393881286728025,-34.144019950743264,B,136,7B3Y
QFVKAMK,-49.897175067019774,-41.10598613597669,B,137,7B3Y
FVKAMKG,-68.51668957861352,-43.53093673954612,B,138,7B3Y
VKAMKGP,-61.191910410113536,-45.8595372720416,B,139,7B3Y
KAMKGPF,-61.96700443672023,-39.481954416515606,B,140,7B3Y
AMKGPFP,-62.662900227004776,-34.81425593821535,B,141,7B3Y
MKGPFPN,-73.32035809907612,-21.65968775201169,B,142,7B3Y
KGPFPNV,-64.18157817705745,-34.77336047716084,B,143,7B3Y
GPFPNVK,-57.12285118496319,-72.13322950669237,B,144,7B3Y
PFPNVKF,-74.50456826840949,-23.134429228671273,B,145,7B3Y
FPNVKFV,-131.56477541746534,65.83610217739233,B,146,7B3Y
PNVKFVP,-58.881689724768364,-24.46271051902038,B,147,7B3Y
NVKFVPT,-99.2969788654076,5.3979225887541515,B,148,7B3Y
VKFVPTG,-87.86816256404605,136.77913020379452,B,149,7B3Y
KFVPTGG,-121.40044789534944,141.3466317993589,B,150,7B3Y
FVPTGGV,-109.30599428492262,148.42410620864777,B,151,7B3Y
VPTGGVN,-122.75348656294705,94.88898034085645,B,152,7B3Y
PTGGVNL,-70.51217233190864,140.75322876961198,B,153,7B3Y
TGGVNLD,-126.23383900867961,137.82776484010506,B,154,7B3Y
GGVNLDN,121.2681226551306,107.96425780788587,B,155,7B3Y
GVNLDNV,73.15149348340964,2.7395555008180645,B,156,7B3Y
VNLDNVC,-63.46337807090751,129.67576824578128,B,157,7B3Y
NLDNVCE,-145.3660577723057,-173.40276500282542,B,158,7B3Y
LDNVCEW,-63.66753014421777,-31.69272228784751,B,159,7B3Y
DNVCEWF,-80.4956147056915,-28.90029387895511,B,160,7B3Y
NVCEWFK,-111.14784058072274,-4.758278415736792,B,161,7B3Y
VCEWFKA,-57.96994596621897,-39.0050953463006,B,162,7B3Y
CEWFKAG,-69.54741001305034,-35.394954448765,B,163,7B3Y
EWFKAGV,-58.859725029532235,-41.742166126877535,B,164,7B3Y
WFKAGVL,-59.966458830902226,-45.595197640770685,B,165,7B3Y
FKAGVLA,-67.74025092744212,-35.05195373896794,B,166,7B3Y
KAGVLAV,-58.34798537256982,-33.55478874572246,B,167,7B3Y
AGVLAVG,-72.9233855771786,-17.26755872446438,B,168,7B3Y
GVLAVGV,109.94511866260096,20.08659518631566,B,169,7B3Y
VLAVGVG,-73.02275406287235,152.64244030000103,B,170,7B3Y
LAVGVGS,-79.2789237819123,-43.64713778641074,B,171,7B3Y
AVGVGSA,-154.32767685203524,176.21959108426714,B,172,7B3Y
VGVGSAL,-123.624141587826,147.59054578804086,B,173,7B3Y
GVGSALV,-105.1739833174001,121.74246204564837,B,174,7B3Y
VGSALVK,-116.2961171738979,121.85123730093412,B,175,7B3Y
GSALVKG,-100.74353706644897,-107.59769814972132,B,176,7B3Y
SALVKGT,-55.96706166016159,-36.278398941227444,B,177,7B3Y
ALVKGTP,-59.4933049313137,-23.953708968756903,B,178,7B3Y
LVKGTPV,-102.92519071796293,-47.747556631396975,B,179,7B3Y
VKGTPVE,-92.22468699743452,-21.52069946289742,B,180,7B3Y
KGTPVEV,-80.33733860852075,147.31236277775338,B,181,7B3Y
GTPVEVA,112.20226639349629,-168.3357025528484,B,182,7B3Y
TPVEVAE,-85.88509813700516,155.63461231991442,B,183,7B3Y
PVEVAEK,-31.681731582993027,-51.870073788401776,B,184,7B3Y
VEVAEKA,-62.01867529427982,-42.732663993489496,B,185,7B3Y
EVAEKAK,-69.08217819542305,-38.26838742699555,B,186,7B3Y
VAEKAKA,-66.24303074194131,-47.52841941266297,B,187,7B3Y
AEKAKAF,-55.360988516305135,-42.10097699024649,B,188,7B3Y
EKAKAFV,-67.51854055259,-47.01654322421664,B,189,7B3Y
KAKAFVE,-62.30648317521717,-36.79509180898505,B,190,7B3Y
AKAFVEK,-49.983878577134526,-48.71490098916907,B,191,7B3Y
KAFVEKI,-60.99143055236335,-46.63840214427629,B,192,7B3Y
AFVEKIR,-58.80251056123625,-46.101292931033775,B,193,7B3Y
FVEKIRG,-60.76263649233932,-43.38631967551497,B,194,7B3Y
