res,phi,psi,seq,idx_in_seq,chain,pos_in_chain,protein_id
M,,140.71176136177405,MNLLIDNWIPVRPRN,0,A,1,4qyz
N,-144.96691810260074,127.25833630937002,MNLLIDNWIPVRPRN,1,A,2,4qyz
L,-58.36619771218573,-24.356911838404987,MNLLIDNWIPVRPRN,2,A,3,4qyz
L,-95.30897891824326,-25.125909225443927,MNLLIDNWIPVRPRN,3,A,4,4qyz
I,-103.5573807895197,-51.6898446384348,MNLLIDNWIPVRPRN,4,A,5,4qyz
D,-86.93564633343557,179.07810393463515,MNLLIDNWIPVRPRN,5,A,6,4qyz
N,-112.4944837910347,141.3269873166724,MNLLIDNWIPVRPRN,6,A,7,4qyz
W,-138.10517611826373,-61.206338405326065,MNLLIDNWIPVRPRN,7,A,8,4qyz
I,-47.63546950952984,112.50236758300865,MNLLIDNWIPVRPRN,8,A,9,4qyz
P,-68.31970415531536,128.83959501777358,MNLLIDNWIPVRPRN,9,A,10,4qyz
V,-160.7309606407723,153.2463221334218,MNLLIDNWIPVRPRN,10,A,11,4qyz
R,-148.92641799830233,139.8714772716113,MNLLIDNWIPVRPRN,11,A,12,4qyz
P,-73.67423418691098,145.63490218627555,MNLLIDNWIPVRPRN,12,A,13,4qyz
R,-43.522168707564106,-59.5499512072553,MNLLIDNWIPVRPRN,13,A,14,4qyz
N,-84.57004642217038,-24.32777205322935,MNLLIDNWIPVRPRN,14,A,15,4qyz
G,-79.6711492508708,-7.554928335990467,GGKVQIINLQSLYCS,0,A,16,4qyz
G,49.572213822571875,35.34048128561831,GGKVQIINLQSLYCS,1,A,17,4qyz
K,-136.07642371042476,122.52607899534476,GGKVQIINLQSLYCS,2,A,18,4qyz
V,-74.72982717561861,137.2087355862584,GGKVQIINLQSLYCS,3,A,19,4qyz
Q,-147.38833186826415,151.1159953899816,GGKVQIINLQSLYCS,4,A,20,4qyz
I,-107.14227471161233,108.91181721166666,GGKVQIINLQSLYCS,5,A,21,4qyz
I,-116.95479344901962,170.7992905350677,GGKVQIINLQSLYCS,6,A,22,4qyz
N,-113.32075354253867,161.22449165638585,GGKVQIINLQSLYCS,7,A,23,4qyz
L,-57.78568908355935,-38.21200340945967,GGKVQIINLQSLYCS,8,A,24,4qyz
Q,-58.83935322353038,-48.43355528229414,GGKVQIINLQSLYCS,9,A,25,4qyz
S,-57.30055762460281,-50.122343843315726,GGKVQIINLQSLYCS,10,A,26,4qyz
L,-60.24151560008911,-38.46858828605409,GGKVQIINLQSLYCS,11,A,27,4qyz
Y,-81.0127826063863,-17.88668767974191,GGKVQIINLQSLYCS,12,A,28,4qyz
C,-116.96641772649562,-12.979075928135472,GGKVQIINLQSLYCS,13,A,29,4qyz
S,-90.46504248396938,144.0108991291002,GGKVQIINLQSLYCS,14,A,30,4qyz
R,-77.27196083397592,-11.459396745172223,RDQWRLSLPRDDMEL,0,A,31,4qyz
D,-41.11221855626225,142.37561521330463,RDQWRLSLPRDDMEL,1,A,32,4qyz
Q,-113.89041585122649,113.53011873100156,RDQWRLSLPRDDMEL,2,A,33,4qyz
W,-106.1736796951593,148.30492246479864,RDQWRLSLPRDDMEL,3,A,34,4qyz
R,-123.61394187334574,157.280907146542,RDQWRLSLPRDDMEL,4,A,35,4qyz
L,-86.854025721179,141.1956342796817,RDQWRLSLPRDDMEL,5,A,36,4qyz
S,-111.67213828659085,93.90118822243458,RDQWRLSLPRDDMEL,6,A,37,4qyz
L,-123.12681391723046,146.58270225760117,RDQWRLSLPRDDMEL,7,A,38,4qyz
P,-80.92225972009287,-6.214292551923931,RDQWRLSLPRDDMEL,8,A,39,4qyz
R,-129.94158862697626,144.1665079612748,RDQWRLSLPRDDMEL,9,A,40,4qyz
D,-71.60090462486241,-42.125174800972,RDQWRLSLPRDDMEL,10,A,41,4qyz
D,-60.14701739968796,-48.97918577718553,RDQWRLSLPRDDMEL,11,A,42,4qyz
M,-53.04614290451168,-40.398218402268164,RDQWRLSLPRDDMEL,12,A,43,4qyz
E,-68.10544907086752,-47.813793948499,RDQWRLSLPRDDMEL,13,A,44,4qyz
L,-60.175088756748956,-35.98399347831213,RDQWRLSLPRDDMEL,14,A,45,4qyz
A,-69.00434772777386,-52.43741572504013,AALALLVCIGQIIAP,0,A,46,4qyz
A,-46.757693507825294,-44.20104716735098,AALALLVCIGQIIAP,1,A,47,4qyz
L,-63.27492365192583,-48.10209101693127,AALALLVCIGQIIAP,2,A,48,4qyz
A,-53.34762318766192,-59.19698944656949,AALALLVCIGQIIAP,3,A,49,4qyz
L,-46.756962216255616,-53.141549522848486,AALALLVCIGQIIAP,4,A,50,4qyz
L,-59.75607700129361,-40.66493141711636,AALALLVCIGQIIAP,5,A,51,4qyz
V,-58.61590187497077,-53.59109440997522,AALALLVCIGQIIAP,6,A,52,4qyz
C,-53.94549732217457,-48.03981805752841,AALALLVCIGQIIAP,7,A,53,4qyz
I,-54.585868107963066,-49.053115030003255,AALALLVCIGQIIAP,8,A,54,4qyz
G,-62.792212419337375,-31.754970382109594,AALALLVCIGQIIAP,9,A,55,4qyz
Q,-70.91858282557057,-36.343411261912706,AALALLVCIGQIIAP,10,A,56,4qyz
I,-91.92864342293433,-20.109979275093643,AALALLVCIGQIIAP,11,A,57,4qyz
I,-87.30932025513358,-20.246523557613994,AALALLVCIGQIIAP,12,A,58,4qyz
A,-163.1413417707966,69.7651761885259,AALALLVCIGQIIAP,13,A,59,4qyz
P,-70.99950925043201,143.41974633029758,AALALLVCIGQIIAP,14,A,60,4qyz
A,-68.51699477927008,138.8224863631209,AKDDVEFRHRIMNPL,0,A,61,4qyz
K,-72.4177665429051,-33.85281936173646,AKDDVEFRHRIMNPL,1,A,62,4qyz
D,-146.78373247531923,176.35447852178524,AKDDVEFRHRIMNPL,2,A,63,4qyz
D,-70.77990880806514,-37.19017705048999,AKDDVEFRHRIMNPL,3,A,64,4qyz
V,-59.04839697453709,-37.55607021188414,AKDDVEFRHRIMNPL,4,A,65,4qyz
E,-73.86299702387944,-37.03762034583007,AKDDVEFRHRIMNPL,5,A,66,4qyz
F,-49.93117960864441,-58.663153705524344,AKDDVEFRHRIMNPL,6,A,67,4qyz
R,-47.574503276922165,-61.94246113543151,AKDDVEFRHRIMNPL,7,A,68,4qyz
H,-49.935947944913146,-42.14180713068916,AKDDVEFRHRIMNPL,8,A,69,4qyz
R,-75.49943373254128,-32.4679203655675,AKDDVEFRHRIMNPL,9,A,70,4qyz
I,-61.35509502224303,-32.04931836521126,AKDDVEFRHRIMNPL,10,A,71,4qyz
M,-91.71550711621839,-23.59884481862089,AKDDVEFRHRIMNPL,11,A,72,4qyz
N,-130.32988240996363,133.77940897826178,AKDDVEFRHRIMNPL,12,A,73,4qyz
P,-65.63857472450141,170.42491530185796,AKDDVEFRHRIMNPL,13,A,74,4qyz
L,-86.84112576745153,153.8311101331592,AKDDVEFRHRIMNPL,14,A,75,4qyz
T,-70.13786638400832,156.28384330908,TEDEFQQLIAPWIDM,0,A,76,4qyz
E,-56.7371218384064,-45.59015761105671,TEDEFQQLIAPWIDM,1,A,77,4qyz
D,-56.770348572572026,-44.255124583301544,TEDEFQQLIAPWIDM,2,A,78,4qyz
E,-54.17684520937014,-47.64349380848407,TEDEFQQLIAPWIDM,3,A,79,4qyz
F,-62.631693033735445,-51.308565854614066,TEDEFQQLIAPWIDM,4,A,80,4qyz
Q,-48.880988137290444,-51.77638638507444,TEDEFQQLIAPWIDM,5,A,81,4qyz
Q,-55.168199854363586,-51.906761094105576,TEDEFQQLIAPWIDM,6,A,82,4qyz
L,-58.45000858185006,-26.11771377203112,TEDEFQQLIAPWIDM,7,A,83,4qyz
I,-102.23910888825158,-13.158099224434633,TEDEFQQLIAPWIDM,8,A,84,4qyz
A,-56.09967301476346,-61.59254570291744,TEDEFQQLIAPWIDM,9,A,85,4qyz
P,-51.4689874407945,-54.07308779408446,TEDEFQQLIAPWIDM,10,A,86,4qyz
W,-48.314293472426904,-37.60530794365618,TEDEFQQLIAPWIDM,11,A,87,4qyz
I,-48.00246672280194,-52.66929024845063,TEDEFQQLIAPWIDM,12,A,88,4qyz
D,-51.9569106790078,-42.40157564642504,TEDEFQQLIAPWIDM,13,A,89,4qyz
M,-73.53038992985633,-21.304145853477195,TEDEFQQLIAPWIDM,14,A,90,4qyz
F,-101.41512342594771,37.6025463620928,FYLNHAEHPFMQTKG,0,A,91,4qyz
Y,-90.82660270538851,144.6571886467294,FYLNHAEHPFMQTKG,1,A,92,4qyz
L,-94.65054383435805,-1.254381443820183,FYLNHAEHPFMQTKG,2,A,93,4qyz
N,-140.96084968321227,133.5617991329069,FYLNHAEHPFMQTKG,3,A,94,4qyz
H,-163.20739804951188,173.9740179894891,FYLNHAEHPFMQTKG,4,A,95,4qyz
A,-96.29894409629402,101.86641112836888,FYLNHAEHPFMQTKG,5,A,96,4qyz
E,74.45414203750573,4.850356130386963,FYLNHAEHPFMQTKG,6,A,97,4qyz
H,-136.60509427400018,42.06331671563989,FYLNHAEHPFMQTKG,7,A,98,4qyz
P,-73.81317281682797,136.84600928994226,FYLNHAEHPFMQTKG,8,A,99,4qyz
F,-43.37857608665288,112.4222951439376,FYLNHAEHPFMQTKG,9,A,100,4qyz
M,55.89107223449465,36.274364544726126,FYLNHAEHPFMQTKG,10,A,101,4qyz
Q,-130.67571319287848,175.0383317066146,FYLNHAEHPFMQTKG,11,A,102,4qyz
T,-134.06547089282193,130.2051358053914,FYLNHAEHPFMQTKG,12,A,103,4qyz
K,-71.75559444183921,148.52755606588565,FYLNHAEHPFMQTKG,13,A,104,4qyz
G,59.29107378505552,36.41561053900565,FYLNHAEHPFMQTKG,14,A,105,4qyz
V,-66.55746094392758,129.96603525764982,VKANDVTPMEKLLAE,0,A,106,4qyz
K,-115.62711486918035,129.8512943340632,VKANDVTPMEKLLAE,1,A,107,4qyz
A,-160.519668716532,-167.5593041579754,VKANDVTPMEKLLAE,2,A,108,4qyz
N,-149.14963592677424,112.88280478597635,VKANDVTPMEKLLAE,3,A,109,4qyz
D,-118.45471986541915,-85.30013683254754,VKANDVTPMEKLLAE,4,A,110,4qyz
V,-129.34739496376602,158.24404451255126,VKANDVTPMEKLLAE,5,A,111,4qyz
T,-114.10777781010901,130.40137820549648,VKANDVTPMEKLLAE,6,A,112,4qyz
P,-57.76797085188088,145.12635106955508,VKANDVTPMEKLLAE,7,A,113,4qyz
M,-52.50263456710671,-33.9875012590527,VKANDVTPMEKLLAE,8,A,114,4qyz
E,-37.75552713988587,-57.325014532992824,VKANDVTPMEKLLAE,9,A,115,4qyz
K,-59.84178178353752,-18.89069393188043,VKANDVTPMEKLLAE,10,A,116,4qyz
L,-65.33106192697014,-32.553569386311054,VKANDVTPMEKLLAE,11,A,117,4qyz
L,-77.75254126085937,-47.17722217525743,VKANDVTPMEKLLAE,12,A,118,4qyz
A,55.58587671148085,,VKANDVTPMEKLLAE,13,A,119,4qyz
E,,169.78032890205455,VKANDVTPMEKLLAE,14,A,137,4qyz
A,-158.63339671808876,136.61758673553146,ALCGGCTAIALFNQA,0,A,138,4qyz
L,-128.47906186487208,148.18763692323694,ALCGGCTAIALFNQA,1,A,139,4qyz
C,-81.31101902401238,176.61457295218193,ALCGGCTAIALFNQA,2,A,140,4qyz
G,-63.59362331678065,-44.20615663640169,ALCGGCTAIALFNQA,3,A,141,4qyz
G,-65.08384469714936,-41.26392541011664,ALCGGCTAIALFNQA,4,A,142,4qyz
C,-65.49384855233788,-49.75633127793733,ALCGGCTAIALFNQA,5,A,143,4qyz
T,-57.323688882840024,-51.249666326025014,ALCGGCTAIALFNQA,6,A,144,4qyz
A,-58.57899007314929,-41.05045452138582,ALCGGCTAIALFNQA,7,A,145,4qyz
I,-60.86896226972121,-47.7266661019156,ALCGGCTAIALFNQA,8,A,146,4qyz
A,-52.21047358992078,-60.97976658606234,ALCGGCTAIALFNQA,9,A,147,4qyz
L,-35.33675217464985,-61.70698468625046,ALCGGCTAIALFNQA,10,A,148,4qyz
F,-55.963321978765926,-34.706163726257564,ALCGGCTAIALFNQA,11,A,149,4qyz
N,-65.7668868476741,-54.41842196263222,ALCGGCTAIALFNQA,12,A,150,4qyz
Q,-65.03093693401149,-29.245640821437256,ALCGGCTAIALFNQA,13,A,151,4qyz
A,-82.3961507821864,-19.42016934562318,ALCGGCTAIALFNQA,14,A,152,4qyz
N,-109.69768964777995,-46.85746669295227,NQAPGFGGGFKSGLR,0,A,153,4qyz
Q,-112.24009633517687,-42.07380900574583,NQAPGFGGGFKSGLR,1,A,154,4qyz
A,-69.93539918657511,163.4668503660219,NQAPGFGGGFKSGLR,2,A,155,4qyz
P,-65.12114475141904,-55.23355892021601,NQAPGFGGGFKSGLR,3,A,156,4qyz
G,104.05989969688495,128.4159292276339,NQAPGFGGGFKSGLR,4,A,157,4qyz
F,-54.75842520074574,-32.46136194161956,NQAPGFGGGFKSGLR,5,A,158,4qyz
G,-88.52055871445496,153.73387749568116,NQAPGFGGGFKSGLR,6,A,159,4qyz
G,79.38030131064824,25.415646331849295,NQAPGFGGGFKSGLR,7,A,160,4qyz
G,84.83884495657193,12.49562199661703,NQAPGFGGGFKSGLR,8,A,161,4qyz
F,-114.0641697175549,114.70815110313559,NQAPGFGGGFKSGLR,9,A,162,4qyz
K,-69.88244456909027,160.05892520051725,NQAPGFGGGFKSGLR,10,A,163,4qyz
S,-138.9962655891618,172.6365990571509,NQAPGFGGGFKSGLR,11,A,164,4qyz
G,156.59981617531307,-155.51968991296374,NQAPGFGGGFKSGLR,12,A,165,4qyz
L,-73.3094472094347,6.576744157388024,NQAPGFGGGFKSGLR,13,A,166,4qyz
R,-103.23237690243629,-41.14643646815643,NQAPGFGGGFKSGLR,14,A,167,4qyz
G,-163.11767289832954,144.42838182093317,GGTPVTTFVRGIDLR,0,A,168,4qyz
G,73.91703984647941,78.93848920005559,GGTPVTTFVRGIDLR,1,A,169,4qyz
T,71.22239482293458,48.78777715658987,GGTPVTTFVRGIDLR,2,A,170,4qyz
P,-78.86937391347044,152.6306313541972,GGTPVTTFVRGIDLR,3,A,171,4qyz
V,-97.82323686680034,113.47573320612581,GGTPVTTFVRGIDLR,4,A,172,4qyz
T,-83.97828038432223,133.94535511756655,GGTPVTTFVRGIDLR,5,A,173,4qyz
T,-127.57541213776906,107.39644979999962,GGTPVTTFVRGIDLR,6,A,174,4qyz
F,-105.64383033485274,152.3516144604656,GGTPVTTFVRGIDLR,7,A,175,4qyz
V,-88.5647844789956,128.8636532666977,GGTPVTTFVRGIDLR,8,A,176,4qyz
R,-98.91363335087402,141.61500277105344,GGTPVTTFVRGIDLR,9,A,177,4qyz
G,-113.58436087003409,-156.2070007055836,GGTPVTTFVRGIDLR,10,A,178,4qyz
I,-62.997825342007154,-53.65491064695262,GGTPVTTFVRGIDLR,11,A,179,4qyz
D,-130.2269450632416,171.77870219485516,GGTPVTTFVRGIDLR,12,A,180,4qyz
L,-66.29782799174612,-44.741810488238116,GGTPVTTFVRGIDLR,13,A,181,4qyz
R,-68.9742612842082,-35.54418844290747,GGTPVTTFVRGIDLR,14,A,182,4qyz
S,-57.56054670227178,-42.403814840783056,STVLLNVLTLPRLQK,0,A,183,4qyz
T,-65.43499755465588,-52.859082348430235,STVLLNVLTLPRLQK,1,A,184,4qyz
V,-52.660438784956376,-59.83369619609002,STVLLNVLTLPRLQK,2,A,185,4qyz
L,-51.108909120311324,-41.31383792605666,STVLLNVLTLPRLQK,3,A,186,4qyz
L,-62.09345361315672,-29.914703587744572,STVLLNVLTLPRLQK,4,A,187,4qyz
N,-98.88507869629386,26.112884472048105,STVLLNVLTLPRLQK,5,A,188,4qyz
V,-115.27587969514975,115.91762204259679,STVLLNVLTLPRLQK,6,A,189,4qyz
L,-60.85426891152102,135.9499235115373,STVLLNVLTLPRLQK,7,A,190,4qyz
T,-47.25683797391736,139.2827431869572,STVLLNVLTLPRLQK,8,A,191,4qyz
L,-49.68355473036925,-50.27014227644265,STVLLNVLTLPRLQK,9,A,192,4qyz
P,-57.777162911441025,-39.40395326265554,STVLLNVLTLPRLQK,10,A,193,4qyz
R,-62.6000409763772,-33.01783840619108,STVLLNVLTLPRLQK,11,A,194,4qyz
L,-69.16473763072192,-52.96861096977693,STVLLNVLTLPRLQK,12,A,195,4qyz
Q,-78.65682560418485,-8.5723656971978,STVLLNVLTLPRLQK,13,A,196,4qyz
K,-78.75014259646079,-47.85706120904681,STVLLNVLTLPRLQK,14,A,197,4qyz
Q,-68.5342494197718,-21.13198440963696,QFPNESHTENQPTWI,0,A,198,4qyz
F,-130.54940877815503,83.95079036170681,QFPNESHTENQPTWI,1,A,199,4qyz
P,-74.95363880524488,-57.46962116073757,QFPNESHTENQPTWI,2,A,200,4qyz
N,-54.9264609106921,-40.5211112734,QFPNESHTENQPTWI,3,A,201,4qyz
E,52.41918492984616,26.342706442247874,QFPNESHTENQPTWI,4,A,202,4qyz
S,-111.77770556923076,32.81360304286947,QFPNESHTENQPTWI,5,A,203,4qyz
H,-103.84357788380971,106.27756927100594,QFPNESHTENQPTWI,6,A,204,4qyz
T,-79.37980664385834,107.08248683693047,QFPNESHTENQPTWI,7,A,205,4qyz
E,-135.88013533446966,-174.95159432033876,QFPNESHTENQPTWI,8,A,206,4qyz
N,-99.79309464468999,-4.181633838749592,QFPNESHTENQPTWI,9,A,207,4qyz
Q,-76.12163985083863,139.7442378815269,QFPNESHTENQPTWI,10,A,208,4qyz
P,-72.65758555352964,164.09389815240692,QFPNESHTENQPTWI,11,A,209,4qyz
T,-46.36124858080725,-46.31231631057243,QFPNESHTENQPTWI,12,A,210,4qyz
W,-82.89558718342796,-1.7233563208265974,QFPNESHTENQPTWI,13,A,211,4qyz
I,-99.09248198756815,-47.057662202501035,QFPNESHTENQPTWI,14,A,212,4qyz
K,-131.8423667465572,90.68090887940419,KPIKSNESIPASSIG,0,A,213,4qyz
P,-57.22503087637532,167.44357280530352,KPIKSNESIPASSIG,1,A,214,4qyz
I,-101.69163593134772,153.59794240285183,KPIKSNESIPASSIG,2,A,215,4qyz
K,-131.177896467034,125.68325133885352,KPIKSNESIPASSIG,3,A,216,4qyz
S,-56.31011727926774,141.08360252686577,KPIKSNESIPASSIG,4,A,217,4qyz
N,-106.49074859495798,73.46958480365075,KPIKSNESIPASSIG,5,A,218,4qyz
E,-39.939654816781925,142.82947457679057,KPIKSNESIPASSIG,6,A,219,4qyz
S,-117.99981405571806,126.29823493592689,KPIKSNESIPASSIG,7,A,220,4qyz
I,-124.22230002738772,128.2108116121798,KPIKSNESIPASSIG,8,A,221,4qyz
P,-70.9501985620657,123.19156032110666,KPIKSNESIPASSIG,9,A,222,4qyz
A,-55.61674122100632,-28.93638103808349,KPIKSNESIPASSIG,10,A,223,4qyz
S,-73.9553264587829,-11.707522514763522,KPIKSNESIPASSIG,11,A,224,4qyz
S,-88.24293230035047,0.219042051688782,KPIKSNESIPASSIG,12,A,225,4qyz
I,-96.85959884450774,112.73989443105611,KPIKSNESIPASSIG,13,A,226,4qyz
G,-63.22908801376667,159.6850387899407,KPIKSNESIPASSIG,14,A,227,4qyz
F,-71.38141093745553,-33.99117133671028,FVRGLFWQPAHIELC,0,A,228,4qyz
V,-59.32503644983235,-60.57697636836979,FVRGLFWQPAHIELC,1,A,229,4qyz
R,-47.08561718621013,-42.33452906349871,FVRGLFWQPAHIELC,2,A,230,4qyz
G,-81.69252480938552,-35.82820604588954,FVRGLFWQPAHIELC,3,A,231,4qyz
L,-59.82298271164571,-41.541770339993406,FVRGLFWQPAHIELC,4,A,232,4qyz
F,-101.00939321984004,20.807320591337614,FVRGLFWQPAHIELC,5,A,233,4qyz
W,-53.84912090942998,123.63887533181821,FVRGLFWQPAHIELC,6,A,234,4qyz
Q,-121.21564590107859,119.16673646329149,FVRGLFWQPAHIELC,7,A,235,4qyz
P,-89.60533201192122,15.370855175043161,FVRGLFWQPAHIELC,8,A,236,4qyz
A,-130.27722619234555,144.90445862127498,FVRGLFWQPAHIELC,9,A,237,4qyz
H,-89.8863492732677,100.42082287784704,FVRGLFWQPAHIELC,10,A,238,4qyz
I,-123.06733405380625,129.0154628086505,FVRGLFWQPAHIELC,11,A,239,4qyz
E,-133.56023682547948,133.16042340487516,FVRGLFWQPAHIELC,12,A,240,4qyz
L,-89.93401572290034,97.54789394250088,FVRGLFWQPAHIELC,13,A,241,4qyz
C,-60.82618251796109,129.66915024918111,FVRGLFWQPAHIELC,14,A,242,4qyz
D,-58.0028597714271,148.36978363217438,DPIGIGKCSCCGQES,0,A,243,4qyz
P,-70.86946341728677,158.2277610931578,DPIGIGKCSCCGQES,1,A,244,4qyz
I,-115.99734026229439,-80.08246626912278,DPIGIGKCSCCGQES,2,A,245,4qyz
G,-58.54452177369129,168.94862634470223,DPIGIGKCSCCGQES,3,A,246,4qyz
I,63.21067316348719,63.133572228541624,DPIGIGKCSCCGQES,4,A,247,4qyz
G,151.72330536579784,-164.26845546579406,DPIGIGKCSCCGQES,5,A,248,4qyz
K,-105.88501229940222,137.00518098494743,DPIGIGKCSCCGQES,6,A,249,4qyz
C,-75.61440327260898,152.67628455469946,DPIGIGKCSCCGQES,7,A,250,4qyz
S,-97.88090386225694,-13.549932280653062,DPIGIGKCSCCGQES,8,A,251,4qyz
C,-103.90463727672014,-74.1364200325647,DPIGIGKCSCCGQES,9,A,252,4qyz
C,-33.64375275759485,-34.72428973233964,DPIGIGKCSCCGQES,10,A,253,4qyz
G,90.1316910223833,-36.297188526708716,DPIGIGKCSCCGQES,11,A,254,4qyz
Q,-98.16257982080253,174.001411271595,DPIGIGKCSCCGQES,12,A,255,4qyz
E,-77.61876599931462,141.19351765633607,DPIGIGKCSCCGQES,13,A,256,4qyz
S,-125.31405061457828,-23.835348606287486,DPIGIGKCSCCGQES,14,A,257,4qyz
N,73.9414031641974,-10.737671426649614,NLRYTGFLKEKFTFT,0,A,258,4qyz
L,-153.75047762877657,114.69723932388075,NLRYTGFLKEKFTFT,1,A,259,4qyz
R,-134.55220049697158,137.65912099830388,NLRYTGFLKEKFTFT,2,A,260,4qyz
Y,-93.43344047541903,142.09920927349117,NLRYTGFLKEKFTFT,3,A,261,4qyz
T,-131.57759508706258,-38.571331571059,NLRYTGFLKEKFTFT,4,A,262,4qyz
G,-75.76752126334254,149.475674953046,NLRYTGFLKEKFTFT,5,A,263,4qyz
F,-166.56774388575153,132.99493714236013,NLRYTGFLKEKFTFT,6,A,264,4qyz
L,-121.60884769845572,118.25886491260415,NLRYTGFLKEKFTFT,7,A,265,4qyz
K,-95.08302248410192,156.68738937122956,NLRYTGFLKEKFTFT,8,A,266,4qyz
E,-167.72204857784786,125.94983133023536,NLRYTGFLKEKFTFT,9,A,267,4qyz
K,-59.46292906718065,148.94446808806774,NLRYTGFLKEKFTFT,10,A,268,4qyz
F,-174.9899788245231,140.60740439378918,NLRYTGFLKEKFTFT,11,A,269,4qyz
T,-151.22020686176376,138.59439027881126,NLRYTGFLKEKFTFT,12,A,270,4qyz
F,-147.52965122198893,-173.69345701873354,NLRYTGFLKEKFTFT,13,A,271,4qyz
T,-147.81746231935358,117.65161121422103,NLRYTGFLKEKFTFT,14,A,272,4qyz
V,-93.97699386197671,121.23722771315742,VNGLWPHPHSPCLVT,0,A,273,4qyz
N,-93.96097809622421,125.34481523218972,VNGLWPHPHSPCLVT,1,A,274,4qyz
G,87.2949541546778,171.8450067101952,VNGLWPHPHSPCLVT,2,A,275,4qyz
L,-96.6160759009843,120.97307965863175,VNGLWPHPHSPCLVT,3,A,276,4qyz
W,-71.42434846124263,145.56883488410858,VNGLWPHPHSPCLVT,4,A,277,4qyz
P,-91.02709908943771,64.20682238626051,VNGLWPHPHSPCLVT,5,A,278,4qyz
H,-59.76086318409201,135.6999083169801,VNGLWPHPHSPCLVT,6,A,279,4qyz
P,-82.86961678517378,-2.672869485248062,VNGLWPHPHSPCLVT,7,A,280,4qyz
H,-106.88224674149366,-3.3387026219534666,VNGLWPHPHSPCLVT,8,A,281,4qyz
S,-143.18996790169564,139.25343478582843,VNGLWPHPHSPCLVT,9,A,282,4qyz
P,-62.898962733754004,114.50425888257952,VNGLWPHPHSPCLVT,10,A,283,4qyz
C,-67.28679570031873,132.63306590779496,VNGLWPHPHSPCLVT,11,A,284,4qyz
L,-128.46279013189132,132.46031780224118,VNGLWPHPHSPCLVT,12,A,285,4qyz
V,-111.26899376495956,142.31829475012924,VNGLWPHPHSPCLVT,13,A,286,4qyz
T,-133.25776098805474,136.44003144301476,VNGLWPHPHSPCLVT,14,A,287,4qyz
V,-120.4702579409075,108.68557481179309,VKKGEVEEKFLAFTT,0,A,288,4qyz
K,-72.93507569982746,146.6143750089229,VKKGEVEEKFLAFTT,1,A,289,4qyz
K,-49.99812812913314,-32.917866447466686,VKKGEVEEKFLAFTT,2,A,290,4qyz
G,-64.2286320983168,-69.12956589115268,VKKGEVEEKFLAFTT,3,A,291,4qyz
E,-127.89951454565308,132.06685929914653,VKKGEVEEKFLAFTT,4,A,292,4qyz
V,-83.05389064285914,87.17621213769087,VKKGEVEEKFLAFTT,5,A,293,4qyz
E,-119.03865834707628,124.71064842288146,VKKGEVEEKFLAFTT,6,A,294,4qyz
E,-122.56789619264185,141.76865494732994,VKKGEVEEKFLAFTT,7,A,295,4qyz
K,-142.1754070213861,162.64775274928053,VKKGEVEEKFLAFTT,8,A,296,4qyz
F,-75.68212108758979,160.65303570554795,VKKGEVEEKFLAFTT,9,A,297,4qyz
L,-69.4054223781047,130.03825503359042,VKKGEVEEKFLAFTT,10,A,298,4qyz
A,-117.35186227743893,130.70552723001504,VKKGEVEEKFLAFTT,11,A,299,4qyz
F,-71.10579841200118,80.07231399473207,VKKGEVEEKFLAFTT,12,A,300,4qyz
T,-83.7962841560382,-24.674923129104627,VKKGEVEEKFLAFTT,13,A,301,4qyz
T,-107.9386660199103,163.6719843967996,VKKGEVEEKFLAFTT,14,A,302,4qyz
S,-87.56472989713,9.552638315435493,SAPSWTQISRVVVDK,0,A,303,4qyz
A,-71.60862211475258,153.06123144425666,SAPSWTQISRVVVDK,1,A,304,4qyz
P,-49.5009659977383,135.82174401302714,SAPSWTQISRVVVDK,2,A,305,4qyz
S,-54.52819174837294,-27.063449303984537,SAPSWTQISRVVVDK,3,A,306,4qyz
W,-58.93186489759364,-32.958839760567066,SAPSWTQISRVVVDK,4,A,307,4qyz
T,-53.03345062271112,-36.670141509885255,SAPSWTQISRVVVDK,5,A,308,4qyz
Q,-85.23372961959369,-2.6854278859356975,SAPSWTQISRVVVDK,6,A,309,4qyz
I,-67.9699054031522,-18.546255155260077,SAPSWTQISRVVVDK,7,A,310,4qyz
S,-58.65026938604652,-34.990795533264645,SAPSWTQISRVVVDK,8,A,311,4qyz
R,-88.11053548938699,-5.076167877003257,SAPSWTQISRVVVDK,9,A,312,4qyz
V,-106.75133058192627,-18.42153116386858,SAPSWTQISRVVVDK,10,A,313,4qyz
V,-128.30449591875427,-26.798980885031888,SAPSWTQISRVVVDK,11,A,314,4qyz
V,-101.21007761845097,125.53003796881207,SAPSWTQISRVVVDK,12,A,315,4qyz
D,-85.61717798288494,139.22703927054997,SAPSWTQISRVVVDK,13,A,316,4qyz
K,-140.11198110893332,121.81451954876933,SAPSWTQISRVVVDK,14,A,317,4qyz
I,-160.21367954548157,,INGNRVAAVVNQFRN,0,A,318,4qyz
N,,158.2485220030013,INGNRVAAVVNQFRN,1,A,323,4qyz
G,156.53566928457516,-174.26987956130984,INGNRVAAVVNQFRN,2,A,324,4qyz
N,-150.06969457418302,155.18542758536591,INGNRVAAVVNQFRN,3,A,325,4qyz
R,-119.9182598815753,158.62607078807045,INGNRVAAVVNQFRN,4,A,326,4qyz
V,-107.5617050957738,159.63731875913027,INGNRVAAVVNQFRN,5,A,327,4qyz
A,-38.82641812218037,126.01992834444007,INGNRVAAVVNQFRN,6,A,328,4qyz
A,-53.34774638445663,-26.893438495061687,INGNRVAAVVNQFRN,7,A,329,4qyz
V,-61.71820354710261,-46.829067064653984,INGNRVAAVVNQFRN,8,A,330,4qyz
V,-66.17795840394297,-53.54571881842348,INGNRVAAVVNQFRN,9,A,331,4qyz
N,-58.98457414386829,-36.92749476095868,INGNRVAAVVNQFRN,10,A,332,4qyz
Q,-57.999004700257025,-57.65645791953106,INGNRVAAVVNQFRN,11,A,333,4qyz
F,-47.35866366421644,-49.02831527962147,INGNRVAAVVNQFRN,12,A,334,4qyz
R,-53.62415283855973,-36.22828681237945,INGNRVAAVVNQFRN,13,A,335,4qyz
N,-73.55588249153747,-48.47312435479757,INGNRVAAVVNQFRN,14,A,336,4qyz
I,-66.22238630871348,-53.73854610678726,IAPQSPLELIMGGYR,0,A,337,4qyz
A,-120.27787403817425,102.29173479718557,IAPQSPLELIMGGYR,1,A,338,4qyz
P,-87.77422302644062,-13.697965907817311,IAPQSPLELIMGGYR,2,A,339,4qyz
Q,-95.46424999762243,-12.384521409858419,IAPQSPLELIMGGYR,3,A,340,4qyz
S,-84.31584065272436,148.27052764467177,IAPQSPLELIMGGYR,4,A,341,4qyz
P,-76.10574327102721,177.74309246509628,IAPQSPLELIMGGYR,5,A,342,4qyz
L,-128.35302736939826,121.61759533672237,IAPQSPLELIMGGYR,6,A,343,4qyz
E,-103.5624116776306,130.12330406735364,IAPQSPLELIMGGYR,7,A,344,4qyz
L,-136.82127091189852,128.26345831958173,IAPQSPLELIMGGYR,8,A,345,4qyz
I,-96.75642231732583,134.68462126781452,IAPQSPLELIMGGYR,9,A,346,4qyz
M,-129.0748649234123,124.46225478576163,IAPQSPLELIMGGYR,10,A,347,4qyz
G,-146.2317767149744,154.07146946300722,IAPQSPLELIMGGYR,11,A,348,4qyz
G,165.6707642338762,-155.1890671106642,IAPQSPLELIMGGYR,12,A,349,4qyz
Y,-150.45167970100763,152.32893092191816,IAPQSPLELIMGGYR,13,A,350,4qyz
R,-128.92563253677844,,IAPQSPLELIMGGYR,14,A,351,4qyz
L,,162.12379199479793,LERRHDVLMFNQGWQ,0,A,358,4qyz
E,-148.28325017135546,122.72400787091958,LERRHDVLMFNQGWQ,1,A,359,4qyz
R,-75.9153468013967,151.43675048508538,LERRHDVLMFNQGWQ,2,A,360,4qyz
R,-146.763639380961,133.21873066257,LERRHDVLMFNQGWQ,3,A,361,4qyz
H,-156.75173717096484,118.33667778439165,LERRHDVLMFNQGWQ,4,A,362,4qyz
D,-139.7198078938125,149.2234214452552,LERRHDVLMFNQGWQ,5,A,363,4qyz
V,-117.44032640562995,143.4837070520712,LERRHDVLMFNQGWQ,6,A,364,4qyz
L,-136.3173620095293,134.98928774388762,LERRHDVLMFNQGWQ,7,A,365,4qyz
M,-117.09065337345984,138.40547767714568,LERRHDVLMFNQGWQ,8,A,366,4qyz
F,-122.97357663150946,138.975160501582,LERRHDVLMFNQGWQ,9,A,367,4qyz
N,-79.91908379405353,173.13575919180087,LERRHDVLMFNQGWQ,10,A,368,4qyz
Q,-42.671785699755844,-17.3319304491501,LERRHDVLMFNQGWQ,11,A,369,4qyz
G,-81.36731463434712,-24.271757007874097,LERRHDVLMFNQGWQ,12,A,370,4qyz
W,-45.042713998286004,-55.02163730907707,LERRHDVLMFNQGWQ,13,A,371,4qyz
Q,-45.59750240854738,-55.149426081450166,LERRHDVLMFNQGWQ,14,A,372,4qyz
Q,-52.12294849629053,-63.38727073658937,QYGNVINEIVTVGLG,0,A,373,4qyz
Y,-104.22774267729307,95.4806964936352,QYGNVINEIVTVGLG,1,A,374,4qyz
G,-89.48226280613252,-30.34604913967289,QYGNVINEIVTVGLG,2,A,375,4qyz
N,-54.87791579572679,-34.74470822181518,QYGNVINEIVTVGLG,3,A,376,4qyz
V,-68.6622601956987,-45.6384990070985,QYGNVINEIVTVGLG,4,A,377,4qyz
I,-58.77675681659967,-52.09450338594224,QYGNVINEIVTVGLG,5,A,378,4qyz
N,-52.45541728231315,-48.91119989311616,QYGNVINEIVTVGLG,6,A,379,4qyz
E,-52.1033254402644,-42.71502594116815,QYGNVINEIVTVGLG,7,A,380,4qyz
I,-68.80354063934769,-48.1299771539753,QYGNVINEIVTVGLG,8,A,381,4qyz
V,-53.9081165639958,-40.054344686200935,QYGNVINEIVTVGLG,9,A,382,4qyz
T,-65.70296485443208,-40.1465543911343,QYGNVINEIVTVGLG,10,A,383,4qyz
V,-57.76735244572154,-58.04387520741488,QYGNVINEIVTVGLG,11,A,384,4qyz
G,-45.36255803412196,-57.84688417655495,QYGNVINEIVTVGLG,12,A,385,4qyz
L,-59.71404345460173,-37.82074064521232,QYGNVINEIVTVGLG,13,A,386,4qyz
G,-64.2427137478763,-42.69471907961423,QYGNVINEIVTVGLG,14,A,387,4qyz
Y,-61.55357849700767,-58.1474188542294,YKTALRKALYTFAEG,0,A,388,4qyz
K,-44.895575476387286,-40.86950809630307,YKTALRKALYTFAEG,1,A,389,4qyz
T,-62.83382338456934,-48.49260891252925,YKTALRKALYTFAEG,2,A,390,4qyz
A,-62.70880158969088,-46.031763198275264,YKTALRKALYTFAEG,3,A,391,4qyz
L,-58.651717702996905,-47.00479861968002,YKTALRKALYTFAEG,4,A,392,4qyz
R,-61.34351975301131,-46.49122079756345,YKTALRKALYTFAEG,5,A,393,4qyz
K,-57.66118861882679,-39.54196154521197,YKTALRKALYTFAEG,6,A,394,4qyz
A,-63.55121247002453,-58.817241145396665,YKTALRKALYTFAEG,7,A,395,4qyz
L,-66.15834134061424,-31.757773669707284,YKTALRKALYTFAEG,8,A,396,4qyz
Y,-61.923998094499645,-46.03243268729169,YKTALRKALYTFAEG,9,A,397,4qyz
T,-65.05714429951753,-29.838660670991853,YKTALRKALYTFAEG,10,A,398,4qyz
F,-63.78500303118203,-44.01666586016846,YKTALRKALYTFAEG,11,A,399,4qyz
A,-70.12159696306047,-38.34223586945245,YKTALRKALYTFAEG,12,A,400,4qyz
E,-65.71161661507364,-39.56071543534782,YKTALRKALYTFAEG,13,A,401,4qyz
G,-62.28318523109699,-45.2988485482185,YKTALRKALYTFAEG,14,A,402,4qyz
F,-52.03155257642436,-61.018204012573094,FKNKDFKGAGVSVHE,0,A,403,4qyz
K,-41.72177699321383,-59.13163934172861,FKNKDFKGAGVSVHE,1,A,404,4qyz
N,-53.09080392292736,-38.96858432474731,FKNKDFKGAGVSVHE,2,A,405,4qyz
K,-77.33029925020257,-5.480487727113816,FKNKDFKGAGVSVHE,3,A,406,4qyz
D,77.83161610704722,25.752267069554527,FKNKDFKGAGVSVHE,4,A,407,4qyz
F,-71.6915348483621,139.13222393783323,FKNKDFKGAGVSVHE,5,A,408,4qyz
K,-83.07272995816055,122.66964660704052,FKNKDFKGAGVSVHE,6,A,409,4qyz
G,124.82611463957967,-174.1980255205872,FKNKDFKGAGVSVHE,7,A,410,4qyz
A,-68.59107586621859,6.3158521976666595,FKNKDFKGAGVSVHE,8,A,411,4qyz
G,-56.56018498659578,-30.90109938444535,FKNKDFKGAGVSVHE,9,A,412,4qyz
V,-64.05688647275839,-28.600196506825206,FKNKDFKGAGVSVHE,10,A,413,4qyz
S,-106.82284921714219,14.629350656905606,FKNKDFKGAGVSVHE,11,A,414,4qyz
V,-57.61745080331454,-43.10264098342272,FKNKDFKGAGVSVHE,12,A,415,4qyz
H,-67.32228084870553,-30.447580091887573,FKNKDFKGAGVSVHE,13,A,416,4qyz
E,-65.27490103614731,-69.83688356880305,FKNKDFKGAGVSVHE,14,A,417,4qyz
T,-43.29948853063342,-58.381476831190035,TAERHFYRQSELLIP,0,A,418,4qyz
A,-49.127322205067806,-57.215088222730785,TAERHFYRQSELLIP,1,A,419,4qyz
E,-53.508653099543295,-38.680068129926845,TAERHFYRQSELLIP,2,A,420,4qyz
R,-54.70315065999676,-54.11032569626582,TAERHFYRQSELLIP,3,A,421,4qyz
H,-52.60470103778164,-52.05713964362715,TAERHFYRQSELLIP,4,A,422,4qyz
F,-48.65649930984831,-49.67745254624348,TAERHFYRQSELLIP,5,A,423,4qyz
Y,-63.378229115182705,-38.845901067833495,TAERHFYRQSELLIP,6,A,424,4qyz
R,-59.74597436829272,-50.55222177325575,TAERHFYRQSELLIP,7,A,425,4qyz
Q,-55.37786528423637,-43.43366498326632,TAERHFYRQSELLIP,8,A,426,4qyz
S,-69.09640416908893,-27.134191389846976,TAERHFYRQSELLIP,9,A,427,4qyz
E,-56.493540136545505,-40.14859234689226,TAERHFYRQSELLIP,10,A,428,4qyz
L,-73.75573428923522,-34.48665853612413,TAERHFYRQSELLIP,11,A,429,4qyz
L,-85.29572618518897,-59.8671371668244,TAERHFYRQSELLIP,12,A,430,4qyz
I,-54.29221668426655,-52.252696443059264,TAERHFYRQSELLIP,13,A,431,4qyz
P,-46.92058877229082,-52.66948870464934,TAERHFYRQSELLIP,14,A,432,4qyz
D,-43.07523453168529,-57.815628702217346,DVLANVNFSQADEVI,0,A,433,4qyz
V,-42.67235843256879,-67.11970862132092,DVLANVNFSQADEVI,1,A,434,4qyz
L,-56.01552941132721,-28.26326791653324,DVLANVNFSQADEVI,2,A,435,4qyz
A,-75.53977666955682,-27.67772609255811,DVLANVNFSQADEVI,3,A,436,4qyz
N,-116.98625595631404,-12.847725623774222,DVLANVNFSQADEVI,4,A,437,4qyz
V,-49.82231547313091,144.68456405721327,DVLANVNFSQADEVI,5,A,438,4qyz
N,-94.78616822148994,101.31199475005754,DVLANVNFSQADEVI,6,A,439,4qyz
F,-62.00184588203107,-36.35094456099266,DVLANVNFSQADEVI,7,A,440,4qyz
S,-65.8204111202742,-48.37055198523379,DVLANVNFSQADEVI,8,A,441,4qyz
Q,-95.59943350234491,-42.3816818389166,DVLANVNFSQADEVI,9,A,442,4qyz
A,-94.90573645531606,112.6934101783134,DVLANVNFSQADEVI,10,A,443,4qyz
D,-115.05612892800954,-1.6987905846896596,DVLANVNFSQADEVI,11,A,444,4qyz
E,-68.52320087308779,-50.248869267864904,DVLANVNFSQADEVI,12,A,445,4qyz
V,-62.22001610033704,-33.14195841245355,DVLANVNFSQADEVI,13,A,446,4qyz
I,-64.13858131504597,-46.76473470546727,DVLANVNFSQADEVI,14,A,447,4qyz
A,-65.0121379656377,-31.702105360201365,ADLRDKLHQLCEMLF,0,A,448,4qyz
D,-69.07741276169413,-39.2674134075902,ADLRDKLHQLCEMLF,1,A,449,4qyz
L,-63.12522193513161,-39.146764270741265,ADLRDKLHQLCEMLF,2,A,450,4qyz
R,-54.63136674327049,-44.920665331404344,ADLRDKLHQLCEMLF,3,A,451,4qyz
D,-56.80783947729682,-65.39060708413716,ADLRDKLHQLCEMLF,4,A,452,4qyz
K,-44.375197779104674,-50.15002481117181,ADLRDKLHQLCEMLF,5,A,453,4qyz
L,-58.01247358960081,-43.58899453344578,ADLRDKLHQLCEMLF,6,A,454,4qyz
H,-56.34234363382425,-48.47562316884199,ADLRDKLHQLCEMLF,7,A,455,4qyz
Q,-61.08411409197229,-44.163852159397194,ADLRDKLHQLCEMLF,8,A,456,4qyz
L,-54.30730307711848,-51.0258977497849,ADLRDKLHQLCEMLF,9,A,457,4qyz
C,-62.79095987002614,-40.20154550374266,ADLRDKLHQLCEMLF,10,A,458,4qyz
E,-57.055260466212836,-51.74663911144042,ADLRDKLHQLCEMLF,11,A,459,4qyz
M,-51.18705827130724,-56.129152576132455,ADLRDKLHQLCEMLF,12,A,460,4qyz
L,-62.743491864602674,-41.26789033826747,ADLRDKLHQLCEMLF,13,A,461,4qyz
F,-53.84947928553566,-55.495363895332275,ADLRDKLHQLCEMLF,14,A,462,4qyz
N,-60.58821872384234,-45.91247889504652,NQSVAPYAHHPKLIS,0,A,463,4qyz
Q,-61.970574091179294,-39.498425905883856,NQSVAPYAHHPKLIS,1,A,464,4qyz
S,-95.58755347538258,-22.077048739647637,NQSVAPYAHHPKLIS,2,A,465,4qyz
V,-83.57856348328775,-14.34962330663082,NQSVAPYAHHPKLIS,3,A,466,4qyz
A,-58.36859526859021,-58.63651664845435,NQSVAPYAHHPKLIS,4,A,467,4qyz
P,-63.94554715774511,0.7418297567549434,NQSVAPYAHHPKLIS,5,A,468,4qyz
Y,-111.34652022412818,-34.81920551032502,NQSVAPYAHHPKLIS,6,A,469,4qyz
A,-52.86708666792816,-22.84029881374164,NQSVAPYAHHPKLIS,7,A,470,4qyz
H,-74.7537227847843,2.3155749788166884,NQSVAPYAHHPKLIS,8,A,471,4qyz
H,-96.87600977410128,108.76375959869434,NQSVAPYAHHPKLIS,9,A,472,4qyz
P,-32.23927620466772,-56.052261452179394,NQSVAPYAHHPKLIS,10,A,473,4qyz
K,-52.02247026451446,-49.291196193028455,NQSVAPYAHHPKLIS,11,A,474,4qyz
L,-61.8955786002547,-18.080129593579784,NQSVAPYAHHPKLIS,12,A,475,4qyz
I,-50.80623610125156,-48.885611447381294,NQSVAPYAHHPKLIS,13,A,476,4qyz
S,-50.778010894162314,-55.33489350390012,NQSVAPYAHHPKLIS,14,A,477,4qyz
T,-63.916525389922434,-23.383883092200076,TLALARATLYKHLRE,0,A,478,4qyz
L,-74.73610642743861,-40.218902819507356,TLALARATLYKHLRE,1,A,479,4qyz
A,-57.34014467586884,-64.880233085769,TLALARATLYKHLRE,2,A,480,4qyz
L,-31.16262722137779,-60.76143620522121,TLALARATLYKHLRE,3,A,481,4qyz
A,-49.00933518597508,-59.63994408354249,TLALARATLYKHLRE,4,A,482,4qyz
R,-58.42216172477886,-45.57347462886267,TLALARATLYKHLRE,5,A,483,4qyz
A,-52.148808785611905,-50.89615711857981,TLALARATLYKHLRE,6,A,484,4qyz
T,-56.23437285221883,-52.54738881578981,TLALARATLYKHLRE,7,A,485,4qyz
L,-49.23572245672815,-41.8753544940496,TLALARATLYKHLRE,8,A,486,4qyz
Y,-83.87534329277246,-34.31418095404115,TLALARATLYKHLRE,9,A,487,4qyz
K,-58.00103300372965,-58.09257323575989,TLALARATLYKHLRE,10,A,488,4qyz
H,-49.932328008290305,-47.294077707152674,TLALARATLYKHLRE,11,A,489,4qyz
L,-61.82801951000243,-30.572900313298653,TLALARATLYKHLRE,12,A,490,4qyz
R,-66.0990654941398,-46.52896341325761,TLALARATLYKHLRE,13,A,491,4qyz
E,-62.13972842768776,-21.708847338351088,TLALARATLYKHLRE,14,A,492,4qyz
L,-69.92156445011076,-13.729610790460487,TLALARATLYKHLRE,0,A,493,4qyz
K,-116.37156611783972,129.9356532362232,TLALARATLYKHLRE,1,A,494,4qyz
P,-55.34857811008099,,TLALARATLYKHLRE,2,A,495,4qyz
X,,,TLALARATLYKHLRE,3,A,601,4qyz
